artist;link
Akvilina;https://soundcloud.com/akvilina
Amoral;https://soundcloud.com/amoralish
Aurora Halal;https://soundcloud.com/itsallhalal
Beda;https://soundcloud.com/ainodj
Best Boy Electric;https://soundcloud.com/bestboyelectric
Black Devil;https://soundcloud.com/blackdavil
Bue;https://soundcloud.com/dj-bue
Caleesi & Sarah Kreis;https://soundcloud.com/caleesi
Charon Styx;https://soundcloud.com/charonstyxs
Corios;https://soundcloud.com/corios_berlin
Cotumo;https://soundcloud.com/cotumo
Crille & Tamalt;https://soundcloud.com/crilleundtamalt
Danielle;https://soundcloud.com/danielle_dj
Danilo Plessow aka MCDE;https://soundcloud.com/danilo-plessow
Danny Deule;https://soundcloud.com/danny-deule
Dasco;https://soundcloud.com/dj-dasco
Dee Diggs;https://soundcloud.com/dee_diggs
Detox Dan;https://soundcloud.com/katerkaries
Di Linh;https://soundcloud.com/dilinhmusic
Dixon;https://soundcloud.com/dixon
DJ Tool;https://soundcloud.com/djnorthern
Ellen Allien;https://soundcloud.com/ellen-allien
Elliver;https://soundcloud.com/elliver-twist
Emo Rugene;https://soundcloud.com/emo-rugene
Felde;https://soundcloud.com/djfelde
Ferdi;https://soundcloud.com/ferdilegrande
Fuer Elise;https://soundcloud.com/fur_elise_0
Galaxaura;https://soundcloud.com/galaxaura
Gerd Janson;https://soundcloud.com/gerdjanson
Gigi FM;https://soundcloud.com/gigi-fm
Hanaby;https://soundcloud.com/wherrdeydodatat
Hunee;https://soundcloud.com/hunee
JaninJanina;https://soundcloud.com/janine
Jaxx TMS;https://soundcloud.com/jaxxtms
Joel Mull;https://soundcloud.com/joelmull
Julio Paradise B2B Gwen Wayne;https://soundcloud.com/gwenwayne
Kimchicora;https://soundcloud.com/kimchi-cora
Kleintierschaukel;https://soundcloud.com/kleintierschaukel
Lars Noll;https://soundcloud.com/larsnoll
Leopardy;https://soundcloud.com/leopardy
Lolsnake;https://soundcloud.com/lolsnake
Luzi Gehrisch;https://soundcloud.com/luzi-gehrisch
Lydo;https://soundcloud.com/lydole
Mami;https://soundcloud.com/mami-music
Marie Lung;https://soundcloud.com/marie_thessa
Marie Montexier;https://soundcloud.com/mariemontexier
Menquie;https://soundcloud.com/menqui
Mimi Love;https://soundcloud.com/spreedelay
Narciss;https://soundcloud.com/itsnarciss
Oberheimer;https://soundcloud.com/oberheimer
Octave One;https://soundcloud.com/octaveone
Octo Octa;https://soundcloud.com/octoocta
Omoloko;https://soundcloud.com/omoloko
Or:la;https://soundcloud.com/orla_cd
Oskar der Winzige;https://soundcloud.com/derwinzige
Paquita Gordon;https://soundcloud.com/paquitagordon
Perra Inmunda;https://soundcloud.com/perra_inmunda
Phillip Jondo;https://soundcloud.com/dublab_de/phillip-jondo
Portable;https://soundcloud.com/portable
Pose Dia;https://soundcloud.com/pose_dia
Puneh & Punani;https://soundcloud.com/thfradio/sets/puneh-punani
Red Rooms;https://soundcloud.com/red_rooms
Rieke1312;https://soundcloud.com/rieke1312
Rodhad;https://soundcloud.com/rodhad
Ruede Hagelstein;https://soundcloud.com/ruedehagelstein
Saeko Killy;https://soundcloud.com/killy44
Sandile;https://soundcloud.com/sandile_official
Santi & Tugce;https://soundcloud.com/santiandtugce
Shinedoe;https://soundcloud.com/shinedoe
Snigglz;https://soundcloud.com/snigglz
Stella Zekri;https://soundcloud.com/stella-zekri-ouiddir
Suse;https://soundcloud.com/suse-official
Sven Dohse;https://soundcloud.com/svendohse
Tim Franklin;https://soundcloud.com/timfranklin
Yaso G.;https://soundcloud.com/yaso_g
Zum Kuckuck;https://soundcloud.com/kuckuck_chemnitz